Term,Usage & Notes,it-IT,Source,Status
a grapple,,una presa,IT_SRD_CC_v5.2.1.pdf,base SRD
aberration,monster type,Aberrazione,IT_SRD_CC_v5.2.1.pdf,base SRD
ability check,,prova di caratteristica,IT_SRD_CC_v5.2.1.pdf,base SRD
ability checks,,prove di caratteristica,IT_SRD_CC_v5.2.1.pdf,base SRD
ability modifier,,modificatore di caratteristica,IT_SRD_CC_v5.2.1.pdf,base SRD
ability score,,punteggio di caratteristica,IT_SRD_CC_v5.2.1.pdf,base SRD
abjuration,,Abiurazione,IT_SRD_CC_v5.2.1.pdf,base SRD
acid damage,,danni da acido,IT_SRD_CC_v5.2.1.pdf,base SRD
acolyte,,Accolito,IT_SRD_CC_v5.2.1.pdf,base SRD
acrobatics,skill,Acrobazia,IT_SRD_CC_v5.2.1.pdf,base SRD
action,,Azione,IT_SRD_CC_v5.2.1.pdf,base SRD
actions in combat,,Azioni in combattimento,IT_SRD_CC_v5.2.1.pdf,base SRD
adept,,Adepto,Free5e / termine non attestato nel PDF,approvato
advantage,,vantaggio,IT_SRD_CC_v5.2.1.pdf,base SRD
adventure,,avventura,IT_SRD_CC_v5.2.1.pdf,base SRD
adventuring,,avventura,IT_SRD_CC_v5.2.1.pdf,base SRD
adventuring gear,,equipaggiamento da avventura,IT_SRD_CC_v5.2.1.pdf,base SRD
alignment,,allineamento,IT_SRD_CC_v5.2.1.pdf,base SRD
ally,,alleato,IT_SRD_CC_v5.2.1.pdf,base SRD
ammunition,,munizioni,IT_SRD_CC_v5.2.1.pdf,base SRD
ancestral traits,,tratti ancestrali,IT_SRD_CC_v5.2.1.pdf,base SRD
ancestries,,ascendenze,IT_SRD_CC_v5.2.1.pdf,base SRD
ancestry,,ascendenza,IT_SRD_CC_v5.2.1.pdf,base SRD
animal handling,skill,Addestrare animali,IT_SRD_CC_v5.2.1.pdf,base SRD
arcana,skill,Arcano,IT_SRD_CC_v5.2.1.pdf,base SRD
arcane traditions,,tradizioni arcane,IT_SRD_CC_v5.2.1.pdf,base SRD
arcanist,,Arcanista,IT_SRD_CC_v5.2.1.pdf,base SRD
area of effect,,area di effetto,IT_SRD_CC_v5.2.1.pdf,base SRD
armor,,armatura,IT_SRD_CC_v5.2.1.pdf,base SRD
armor class,,Classe Armatura,IT_SRD_CC_v5.2.1.pdf,base SRD
assassin,,assassino,IT_SRD_CC_v5.2.1.pdf,base SRD
astral,,astrale,IT_SRD_CC_v5.2.1.pdf,base SRD
astral plane,,Piano Astrale,IT_SRD_CC_v5.2.1.pdf,base SRD
at higher levels,Character level,ai livelli superiori,IT_SRD_CC_v5.2.1.pdf,base SRD
at higher levels,Spell level upcast,ai livelli superiori,IT_SRD_CC_v5.2.1.pdf,base SRD
at will,,a volontà,IT_SRD_CC_v5.2.1.pdf,base SRD
athletics,,Atletica,IT_SRD_CC_v5.2.1.pdf,base SRD
attack,noun,attacco / attaccare,IT_SRD_CC_v5.2.1.pdf,base SRD
attack,verb,attacco / attaccare,IT_SRD_CC_v5.2.1.pdf,base SRD
attack roll,,tiro per colpire,IT_SRD_CC_v5.2.1.pdf,base SRD
attune,,sintonizzarsi,IT_SRD_CC_v5.2.1.pdf,base SRD
attunement,,sintonia,IT_SRD_CC_v5.2.1.pdf,base SRD
background,,background,IT_SRD_CC_v5.2.1.pdf,base SRD
backgrounds,,background,IT_SRD_CC_v5.2.1.pdf,base SRD
bard,,bardo,IT_SRD_CC_v5.2.1.pdf,base SRD
bard college,,collegio bardico,IT_SRD_CC_v5.2.1.pdf,base SRD
bard spells,spell list,incantesimi da bardo,IT_SRD_CC_v5.2.1.pdf,base SRD
beast,,bestia,IT_SRD_CC_v5.2.1.pdf,base SRD
bloodied,,sanguinante,Free5e / termine non attestato nel PDF,approvato
bludgeoning damage,,danni contundenti,IT_SRD_CC_v5.2.1.pdf,base SRD
bonus,,bonus,IT_SRD_CC_v5.2.1.pdf,base SRD
bonus action,,azione bonus,IT_SRD_CC_v5.2.1.pdf,base SRD
boon,,dono,IT_SRD_CC_v5.2.1.pdf,base SRD
bounty hunter,,cacciatore di taglie,IT_SRD_CC_v5.2.1.pdf,base SRD
brawler,,picchiatore,IT_SRD_CC_v5.2.1.pdf,base SRD
bright light,,luce intensa,IT_SRD_CC_v5.2.1.pdf,base SRD
campaign,,campagna,IT_SRD_CC_v5.2.1.pdf,base SRD
cantrip,,trucchetto,IT_SRD_CC_v5.2.1.pdf,base SRD
carrying capacity,,capacità di trasporto,IT_SRD_CC_v5.2.1.pdf,base SRD
cast,a spell,lanciare / lanciare un incantesimo,IT_SRD_CC_v5.2.1.pdf,base SRD
casting time,,tempo di lancio,IT_SRD_CC_v5.2.1.pdf,base SRD
celestial,Monster type,celestiale,IT_SRD_CC_v5.2.1.pdf,base SRD
celestial,Adjektive,celestiale,IT_SRD_CC_v5.2.1.pdf,base SRD
challenge rating,,grado di sfida,IT_SRD_CC_v5.2.1.pdf,base SRD
champion,,campione,IT_SRD_CC_v5.2.1.pdf,base SRD
channel divinity,,Incanalare divinità,IT_SRD_CC_v5.2.1.pdf,base SRD
character sheet,,scheda del personaggio,IT_SRD_CC_v5.2.1.pdf,base SRD
charisma,,Carisma,IT_SRD_CC_v5.2.1.pdf,base SRD
charmed,condition,affascinato,IT_SRD_CC_v5.2.1.pdf,base SRD
circle of the city,,Circolo della Città,Free5e / termine non attestato nel PDF,approvato
circle of the land,,Circolo della Terra,IT_SRD_CC_v5.2.1.pdf,base SRD
class features,,privilegi di classe,IT_SRD_CC_v5.2.1.pdf,base SRD
classes,,classi,IT_SRD_CC_v5.2.1.pdf,base SRD
cleric,,chierico,IT_SRD_CC_v5.2.1.pdf,base SRD
cleric domain,,dominio del chierico,IT_SRD_CC_v5.2.1.pdf,base SRD
cleric spells,spell list,incantesimi da chierico,IT_SRD_CC_v5.2.1.pdf,base SRD
climb,,scalare,IT_SRD_CC_v5.2.1.pdf,base SRD
cold,damage type,danni da freddo,IT_SRD_CC_v5.2.1.pdf,base SRD
college of fools,,Collegio dei Folli,Free5e / termine non attestato nel PDF,approvato
college of lore,,Collegio del Sapere,IT_SRD_CC_v5.2.1.pdf,base SRD
combat,,combattimento,IT_SRD_CC_v5.2.1.pdf,base SRD
components,,componenti,IT_SRD_CC_v5.2.1.pdf,base SRD
concentration,,concentrazione,IT_SRD_CC_v5.2.1.pdf,base SRD
condition,,condizione,IT_SRD_CC_v5.2.1.pdf,base SRD
conditions,,condizioni,IT_SRD_CC_v5.2.1.pdf,base SRD
conductor,,conduttore della partita,Free5e / termine non attestato nel PDF,approvato
cone,,cono,IT_SRD_CC_v5.2.1.pdf,base SRD
conjuration,,Evocazione,IT_SRD_CC_v5.2.1.pdf,base SRD
constitution,,Costituzione,IT_SRD_CC_v5.2.1.pdf,base SRD
construct,,costrutto,IT_SRD_CC_v5.2.1.pdf,base SRD
consumed,,consumato,IT_SRD_CC_v5.2.1.pdf,base SRD
crawl,,strisciare,IT_SRD_CC_v5.2.1.pdf,base SRD
creating a character,,creazione del personaggio,IT_SRD_CC_v5.2.1.pdf,base SRD
creature,,creatura,IT_SRD_CC_v5.2.1.pdf,base SRD
creature type,,tipo di creatura,IT_SRD_CC_v5.2.1.pdf,base SRD
credits,,crediti,IT_SRD_CC_v5.2.1.pdf,base SRD
critical hit,,colpo critico,IT_SRD_CC_v5.2.1.pdf,base SRD
critical miss,,fallimento critico,IT_SRD_CC_v5.2.1.pdf,base SRD
cube,,cubo,IT_SRD_CC_v5.2.1.pdf,base SRD
culture,,cultura,IT_SRD_CC_v5.2.1.pdf,base SRD
cultures,,culture,IT_SRD_CC_v5.2.1.pdf,base SRD
curses,,maledizioni,IT_SRD_CC_v5.2.1.pdf,base SRD
cylinder,,cilindro,IT_SRD_CC_v5.2.1.pdf,base SRD
damage,,danni,IT_SRD_CC_v5.2.1.pdf,base SRD
damage and healing,,danni e guarigione,IT_SRD_CC_v5.2.1.pdf,base SRD
damage roll,,tiro per i danni,IT_SRD_CC_v5.2.1.pdf,base SRD
damage threshold,,soglia di danno,IT_SRD_CC_v5.2.1.pdf,base SRD
damage type,,tipo di danno,IT_SRD_CC_v5.2.1.pdf,base SRD
darkness,,oscurità,IT_SRD_CC_v5.2.1.pdf,base SRD
darkvision,,scurovisione,IT_SRD_CC_v5.2.1.pdf,base SRD
dash,,Scatto / scattare,IT_SRD_CC_v5.2.1.pdf,base SRD
dead,,morto,IT_SRD_CC_v5.2.1.pdf,base SRD
deal damage,,infliggere danni,IT_SRD_CC_v5.2.1.pdf,base SRD
death saving throw,,tiro salvezza contro la morte,IT_SRD_CC_v5.2.1.pdf,base SRD
deception,skill,Inganno,IT_SRD_CC_v5.2.1.pdf,base SRD
determine ability scores,,determinare i punteggi di caratteristica,IT_SRD_CC_v5.2.1.pdf,base SRD
dexterity,,Destrezza,IT_SRD_CC_v5.2.1.pdf,base SRD
dice,plural,dadi,IT_SRD_CC_v5.2.1.pdf,base SRD
die,singular,dado,IT_SRD_CC_v5.2.1.pdf,base SRD
difficult terrain,,terreno difficile,IT_SRD_CC_v5.2.1.pdf,base SRD
difficulty class,,Classe Difficoltà,IT_SRD_CC_v5.2.1.pdf,base SRD
dim light,,luce fioca,IT_SRD_CC_v5.2.1.pdf,base SRD
disadvantage,,svantaggio,IT_SRD_CC_v5.2.1.pdf,base SRD
discipline of the open hand,,disciplina della mano aperta,IT_SRD_CC_v5.2.1.pdf,base SRD
discipline of the outcast,,disciplina dell'emarginato,Free5e / termine non attestato nel PDF,approvato
disengage,action,Disimpegno,IT_SRD_CC_v5.2.1.pdf,base SRD
dispelled,depends on context,dissolto,IT_SRD_CC_v5.2.1.pdf,base SRD
divination,,Divinazione,IT_SRD_CC_v5.2.1.pdf,base SRD
divine domain,,dominio divino,IT_SRD_CC_v5.2.1.pdf,base SRD
dodge,action,Schivata,IT_SRD_CC_v5.2.1.pdf,base SRD
doff,,togliere,IT_SRD_CC_v5.2.1.pdf,base SRD
don,,indossare,IT_SRD_CC_v5.2.1.pdf,base SRD
draconic,,draconico,IT_SRD_CC_v5.2.1.pdf,base SRD
draconic ancestry,,ascendenza draconica,IT_SRD_CC_v5.2.1.pdf,base SRD
draconic bloodline,,stirpe draconica,IT_SRD_CC_v5.2.1.pdf,base SRD
dragon,,drago,IT_SRD_CC_v5.2.1.pdf,base SRD
dragonborn,,dragonide,IT_SRD_CC_v5.2.1.pdf,base SRD
dragonfire,fire produced by a dragon’s breath weapon,fuoco draconico,IT_SRD_CC_v5.2.1.pdf,base SRD
draw,A weapon,estrarre,IT_SRD_CC_v5.2.1.pdf,base SRD
dreadnought,,Dreadnought,Free5e / termine non attestato nel PDF,approvato
dreadnought paths,,sentieri del Dreadnought,Free5e / termine non attestato nel PDF,approvato
drop,to x hit points,scendere a,IT_SRD_CC_v5.2.1.pdf,base SRD
duration,spells,durata,IT_SRD_CC_v5.2.1.pdf,base SRD
dwarf,,nano,IT_SRD_CC_v5.2.1.pdf,base SRD
dwarven,adjective,nanico,IT_SRD_CC_v5.2.1.pdf,base SRD
dwarves,not dwarfs,nani,IT_SRD_CC_v5.2.1.pdf,base SRD
dwarvish,language,nanico,IT_SRD_CC_v5.2.1.pdf,base SRD
eldritch,depends on context,mistico,IT_SRD_CC_v5.2.1.pdf,base SRD
eldritch invocations,,suppliche occulte,IT_SRD_CC_v5.2.1.pdf,base SRD
elemental,monster type,elementale,IT_SRD_CC_v5.2.1.pdf,base SRD
elf,,elfo,IT_SRD_CC_v5.2.1.pdf,base SRD
elven,adjective,elfico,IT_SRD_CC_v5.2.1.pdf,base SRD
elvish,language,elfico,IT_SRD_CC_v5.2.1.pdf,base SRD
enchantment,,Ammaliamento,IT_SRD_CC_v5.2.1.pdf,base SRD
encounter,,incontro,IT_SRD_CC_v5.2.1.pdf,base SRD
end,of a turn/of each turn,fine,IT_SRD_CC_v5.2.1.pdf,base SRD
enemy,,nemico,IT_SRD_CC_v5.2.1.pdf,base SRD
equipment,,equipaggiamento,IT_SRD_CC_v5.2.1.pdf,base SRD
ethereal,,etereo,IT_SRD_CC_v5.2.1.pdf,base SRD
ethereal plane,,Piano Etereo,IT_SRD_CC_v5.2.1.pdf,base SRD
evocation,,Invocazione,IT_SRD_CC_v5.2.1.pdf,base SRD
exhaustion,,indebolimento,IT_SRD_CC_v5.2.1.pdf,base SRD
experience points,,punti esperienza,IT_SRD_CC_v5.2.1.pdf,base SRD
expertise,,Maestria,IT_SRD_CC_v5.2.1.pdf,base SRD
exploration,,esplorazione,IT_SRD_CC_v5.2.1.pdf,base SRD
extradimensional,adjective,extradimensionale,IT_SRD_CC_v5.2.1.pdf,base SRD
failed,a check or saving throw,fallito,IT_SRD_CC_v5.2.1.pdf,base SRD
familiar,,famiglio,IT_SRD_CC_v5.2.1.pdf,base SRD
feats,,talenti,IT_SRD_CC_v5.2.1.pdf,base SRD
fey,monster type,folletto,IT_SRD_CC_v5.2.1.pdf,base SRD
fey warped,,alterato dalle fate,Free5e / termine non attestato nel PDF,approvato
fiend,monster type,immondo,IT_SRD_CC_v5.2.1.pdf,base SRD
fighter,,guerriero,IT_SRD_CC_v5.2.1.pdf,base SRD
fighting style,,stile di combattimento,IT_SRD_CC_v5.2.1.pdf,base SRD
finesse,,accurata,IT_SRD_CC_v5.2.1.pdf,base SRD
finish,a (long or short) rest,completare,IT_SRD_CC_v5.2.1.pdf,base SRD
fire,damage type,danni da fuoco,IT_SRD_CC_v5.2.1.pdf,base SRD
fly,,volare,IT_SRD_CC_v5.2.1.pdf,base SRD
focus,,focus,IT_SRD_CC_v5.2.1.pdf,base SRD
font of magic,,fonte della magia,IT_SRD_CC_v5.2.1.pdf,base SRD
force damage,,danni da forza,IT_SRD_CC_v5.2.1.pdf,base SRD
frightened,condition,spaventato,IT_SRD_CC_v5.2.1.pdf,base SRD
gain,temp hp,ottenere,IT_SRD_CC_v5.2.1.pdf,base SRD
gargantuan,,Mastodontica,IT_SRD_CC_v5.2.1.pdf,base SRD
giant,monster type,gigante,IT_SRD_CC_v5.2.1.pdf,base SRD
glyph,,glifo,IT_SRD_CC_v5.2.1.pdf,base SRD
gnome,,gnomo,IT_SRD_CC_v5.2.1.pdf,base SRD
gnomish,language,gnomico,IT_SRD_CC_v5.2.1.pdf,base SRD
goblinoid,monster type,goblinoide,IT_SRD_CC_v5.2.1.pdf,base SRD
grab,verb,afferrare,IT_SRD_CC_v5.2.1.pdf,base SRD
grappled,,afferrato,IT_SRD_CC_v5.2.1.pdf,base SRD
grappling,,lotta,IT_SRD_CC_v5.2.1.pdf,base SRD
halfling,,halfling,IT_SRD_CC_v5.2.1.pdf,base SRD
hazard,,pericolo,IT_SRD_CC_v5.2.1.pdf,base SRD
healing,noun,guarigione,IT_SRD_CC_v5.2.1.pdf,base SRD
heavily obscured,,pesantemente oscurato,IT_SRD_CC_v5.2.1.pdf,base SRD
help,,Aiuto,IT_SRD_CC_v5.2.1.pdf,base SRD
hide,action,Nascondersi,IT_SRD_CC_v5.2.1.pdf,base SRD
high jump,,salto in alto,IT_SRD_CC_v5.2.1.pdf,base SRD
history,skill,Storia,IT_SRD_CC_v5.2.1.pdf,base SRD
hit,with an attack,colpire,IT_SRD_CC_v5.2.1.pdf,base SRD
hit dice,,Dadi Vita,IT_SRD_CC_v5.2.1.pdf,base SRD
hit points,,punti ferita,IT_SRD_CC_v5.2.1.pdf,base SRD
hover,,fluttuare,IT_SRD_CC_v5.2.1.pdf,base SRD
huge,,Enorme,IT_SRD_CC_v5.2.1.pdf,base SRD
human,,umano,IT_SRD_CC_v5.2.1.pdf,base SRD
humanoid,monster type,umanoide,IT_SRD_CC_v5.2.1.pdf,base SRD
hunter,,cacciatore,IT_SRD_CC_v5.2.1.pdf,base SRD
illusion,,Illusione,IT_SRD_CC_v5.2.1.pdf,base SRD
illusions,,illusioni,IT_SRD_CC_v5.2.1.pdf,base SRD
immunity,,immunità,IT_SRD_CC_v5.2.1.pdf,base SRD
impaired,condition,compromesso,Free5e / termine non attestato nel PDF,approvato
imperceptible,condition,impercettibile,Free5e / termine non attestato nel PDF,approvato
improvised weapons,,armi improvvisate,IT_SRD_CC_v5.2.1.pdf,base SRD
incapacitated,,incapacitato,IT_SRD_CC_v5.2.1.pdf,base SRD
increase,an ability score,aumentare,IT_SRD_CC_v5.2.1.pdf,base SRD
influence,verb,influenzare,IT_SRD_CC_v5.2.1.pdf,base SRD
initiative,,iniziativa,IT_SRD_CC_v5.2.1.pdf,base SRD
insight,skill,Intuizione,IT_SRD_CC_v5.2.1.pdf,base SRD
inspiration,,ispirazione,IT_SRD_CC_v5.2.1.pdf,base SRD
instantaneous,,istantanea,IT_SRD_CC_v5.2.1.pdf,base SRD
intelligence,,Intelligenza,IT_SRD_CC_v5.2.1.pdf,base SRD
interacting with objects around you,,interagire con gli oggetti circostanti,IT_SRD_CC_v5.2.1.pdf,base SRD
intimidation,skill,Intimidire,IT_SRD_CC_v5.2.1.pdf,base SRD
investigation,skill,Indagare,IT_SRD_CC_v5.2.1.pdf,base SRD
invisibility,,invisibilità,IT_SRD_CC_v5.2.1.pdf,base SRD
jump,,saltare,IT_SRD_CC_v5.2.1.pdf,base SRD
large,,Grande,IT_SRD_CC_v5.2.1.pdf,base SRD
level advancement,,avanzamento di livello,IT_SRD_CC_v5.2.1.pdf,base SRD
lightly obscured,,leggermente oscurato,IT_SRD_CC_v5.2.1.pdf,base SRD
lightning damage,damage,danni da fulmine,IT_SRD_CC_v5.2.1.pdf,base SRD
line,,linea,IT_SRD_CC_v5.2.1.pdf,base SRD
lock pick,noun,grimaldello,IT_SRD_CC_v5.2.1.pdf,base SRD
long jump,,salto in lungo,IT_SRD_CC_v5.2.1.pdf,base SRD
long rest,,riposo lungo,IT_SRD_CC_v5.2.1.pdf,base SRD
magic,,magia,IT_SRD_CC_v5.2.1.pdf,base SRD
magic item,,oggetto magico,IT_SRD_CC_v5.2.1.pdf,base SRD
magic-user,,incantatore,IT_SRD_CC_v5.2.1.pdf,base SRD
make,a check,effettuare una prova,IT_SRD_CC_v5.2.1.pdf,base SRD
making an attack,,effettuare un attacco,IT_SRD_CC_v5.2.1.pdf,base SRD
martial archetypes,,archetipi marziali,Free5e / termine non attestato nel PDF,approvato
martial disciplines,,discipline marziali,Free5e / termine non attestato nel PDF,approvato
martial ranged weapon,,arma da guerra a distanza,IT_SRD_CC_v5.2.1.pdf,base SRD
martial weapon,,arma da guerra,IT_SRD_CC_v5.2.1.pdf,base SRD
martyr domain,,dominio del martirio,Free5e / termine non attestato nel PDF,approvato
material,,materiale,IT_SRD_CC_v5.2.1.pdf,base SRD
maximum hit points,,punti ferita massimi,IT_SRD_CC_v5.2.1.pdf,base SRD
medicine,,Medicina,IT_SRD_CC_v5.2.1.pdf,base SRD
medium,size category,Media,IT_SRD_CC_v5.2.1.pdf,base SRD
melee,,mischia,IT_SRD_CC_v5.2.1.pdf,base SRD
metamagic,,Metamagia,IT_SRD_CC_v5.2.1.pdf,base SRD
miss,with an attack,mancare,IT_SRD_CC_v5.2.1.pdf,base SRD
mixed ancestry,,ascendenza mista,Free5e / termine non attestato nel PDF,approvato
monster,,mostro,IT_SRD_CC_v5.2.1.pdf,base SRD
monstrosity,,mostruosità,IT_SRD_CC_v5.2.1.pdf,base SRD
mounted combat,,combattimento a cavallo,IT_SRD_CC_v5.2.1.pdf,base SRD
movement,,movimento,IT_SRD_CC_v5.2.1.pdf,base SRD
movement and position,,movimento e posizione,IT_SRD_CC_v5.2.1.pdf,base SRD
multiclassing,,multiclasse,IT_SRD_CC_v5.2.1.pdf,base SRD
nature,skill,Natura,IT_SRD_CC_v5.2.1.pdf,base SRD
necromancy,,Necromanzia,IT_SRD_CC_v5.2.1.pdf,base SRD
necrotic damage,damage,danni necrotici,IT_SRD_CC_v5.2.1.pdf,base SRD
non-player character,,personaggio non giocante,IT_SRD_CC_v5.2.1.pdf,base SRD
nonmagical,,non magico,IT_SRD_CC_v5.2.1.pdf,base SRD
nullified,condition,soppresso,Free5e / termine non attestato nel PDF,approvato
oath of devotion,,Giuramento di devozione,IT_SRD_CC_v5.2.1.pdf,base SRD
oath of duty,,Giuramento del dovere,Free5e / termine non attestato nel PDF,approvato
oath of the exemplar,,Giuramento dell'esemplare,Free5e / termine non attestato nel PDF,approvato
object,,oggetto,IT_SRD_CC_v5.2.1.pdf,base SRD
observe,,osservare,IT_SRD_CC_v5.2.1.pdf,base SRD
occupied space,,spazio occupato,IT_SRD_CC_v5.2.1.pdf,base SRD
ooze,,melma,IT_SRD_CC_v5.2.1.pdf,base SRD
opportunity attack,,attacco di opportunità,IT_SRD_CC_v5.2.1.pdf,base SRD
orc,,orco,IT_SRD_CC_v5.2.1.pdf,base SRD
otherworldly patrons,,patroni ultraterreni,IT_SRD_CC_v5.2.1.pdf,base SRD
pact boon,,dono del patto,IT_SRD_CC_v5.2.1.pdf,base SRD
pact magic,,magia del patto,IT_SRD_CC_v5.2.1.pdf,base SRD
paralyzed,,paralizzato,IT_SRD_CC_v5.2.1.pdf,base SRD
passive perception,,Percezione passiva,IT_SRD_CC_v5.2.1.pdf,base SRD
path of the berserker,,Cammino del berserker,IT_SRD_CC_v5.2.1.pdf,base SRD
path of the dragon,,Cammino del drago,IT_SRD_CC_v5.2.1.pdf,base SRD
patron,,patrono,IT_SRD_CC_v5.2.1.pdf,base SRD
per day,,al giorno,IT_SRD_CC_v5.2.1.pdf,base SRD
perception,skill,Percezione,IT_SRD_CC_v5.2.1.pdf,base SRD
performance,skill,Intrattenere,IT_SRD_CC_v5.2.1.pdf,base SRD
persuasion,,Persuasione,IT_SRD_CC_v5.2.1.pdf,base SRD
petrified,,pietrificato,IT_SRD_CC_v5.2.1.pdf,base SRD
pickaxe,,piccone,IT_SRD_CC_v5.2.1.pdf,base SRD
piercing,damage,danni perforanti,IT_SRD_CC_v5.2.1.pdf,base SRD
pinpoint,,individuare,IT_SRD_CC_v5.2.1.pdf,base SRD
plane,,piano,IT_SRD_CC_v5.2.1.pdf,base SRD
planes of existence,chapter title,piani di esistenza,IT_SRD_CC_v5.2.1.pdf,base SRD
plant,,pianta,IT_SRD_CC_v5.2.1.pdf,base SRD
player,,persona giocante,IT_SRD_CC_v5.2.1.pdf,base SRD
player character,,personaggio giocante,IT_SRD_CC_v5.2.1.pdf,base SRD
poison damage,,danni da veleno,IT_SRD_CC_v5.2.1.pdf,base SRD
poisoned,,avvelenato,IT_SRD_CC_v5.2.1.pdf,base SRD
proficiency,with,competenza,IT_SRD_CC_v5.2.1.pdf,base SRD
proficiency,noun,competenza,IT_SRD_CC_v5.2.1.pdf,base SRD
proficiency bonus,,bonus di competenza,IT_SRD_CC_v5.2.1.pdf,base SRD
prone,,prono,IT_SRD_CC_v5.2.1.pdf,base SRD
properties,,proprietà,IT_SRD_CC_v5.2.1.pdf,base SRD
psychic damage,,danni psichici,IT_SRD_CC_v5.2.1.pdf,base SRD
radiant damage,,danni radiosi,IT_SRD_CC_v5.2.1.pdf,base SRD
rage,,Ira,IT_SRD_CC_v5.2.1.pdf,base SRD
range,,gittata,IT_SRD_CC_v5.2.1.pdf,base SRD
ranged attack,,attacco a distanza,IT_SRD_CC_v5.2.1.pdf,base SRD
ranged spell attack,,attacco a distanza con incantesimo,IT_SRD_CC_v5.2.1.pdf,base SRD
ranged weapon,,arma a distanza,IT_SRD_CC_v5.2.1.pdf,base SRD
ranged weapon attack,,attacco con arma a distanza,IT_SRD_CC_v5.2.1.pdf,base SRD
ranger,,ranger,IT_SRD_CC_v5.2.1.pdf,base SRD
ranger archetypes,,archetipi del ranger,IT_SRD_CC_v5.2.1.pdf,base SRD
ranger spells,spell list,incantesimi da ranger,IT_SRD_CC_v5.2.1.pdf,base SRD
reach,,portata,IT_SRD_CC_v5.2.1.pdf,base SRD
reaction,use your reaction to,usare la propria reazione per,IT_SRD_CC_v5.2.1.pdf,base SRD
ready,an action,Prepararsi,IT_SRD_CC_v5.2.1.pdf,base SRD
reduce,a target to x hp,ridurre un bersaglio a x PF,IT_SRD_CC_v5.2.1.pdf,base SRD
regain,hp,recuperare,IT_SRD_CC_v5.2.1.pdf,base SRD
religion,,Religione,IT_SRD_CC_v5.2.1.pdf,base SRD
resistance,,resistenza,IT_SRD_CC_v5.2.1.pdf,base SRD
resting,,riposare,IT_SRD_CC_v5.2.1.pdf,base SRD
restore,hp,ripristinare,IT_SRD_CC_v5.2.1.pdf,base SRD
restrained,,trattenuto,IT_SRD_CC_v5.2.1.pdf,base SRD
ritual,,rituale,IT_SRD_CC_v5.2.1.pdf,base SRD
rogue,,ladro,IT_SRD_CC_v5.2.1.pdf,base SRD
roguish archetypes,,archetipi del ladro,IT_SRD_CC_v5.2.1.pdf,base SRD
roleplay/roleplaying,,gioco di ruolo / giocare di ruolo,IT_SRD_CC_v5.2.1.pdf,base SRD
round,,round,IT_SRD_CC_v5.2.1.pdf,base SRD
round down,,arrotondare per difetto,IT_SRD_CC_v5.2.1.pdf,base SRD
rule,,regola,IT_SRD_CC_v5.2.1.pdf,base SRD
rulebook,,manuale delle regole,IT_SRD_CC_v5.2.1.pdf,base SRD
sacred mandate,,mandato sacro,IT_SRD_CC_v5.2.1.pdf,base SRD
save,,superare un tiro salvezza,IT_SRD_CC_v5.2.1.pdf,base SRD
save dc,,CD del tiro salvezza,IT_SRD_CC_v5.2.1.pdf,base SRD
saving throw,,tiro salvezza,IT_SRD_CC_v5.2.1.pdf,base SRD
school of magic,,scuola di magia,IT_SRD_CC_v5.2.1.pdf,base SRD
score,a critical hit,mettere a segno un colpo critico,IT_SRD_CC_v5.2.1.pdf,base SRD
scry/scries/scried/scrying/scryer,one who scries,scrutare / scrutatore,IT_SRD_CC_v5.2.1.pdf,base SRD
search,,cercare,IT_SRD_CC_v5.2.1.pdf,base SRD
sense,noun,senso / percepire,IT_SRD_CC_v5.2.1.pdf,base SRD
sense,verb,senso / percepire,IT_SRD_CC_v5.2.1.pdf,base SRD
shapechange/shapechanger,,cambiamento di forma / mutaforma,IT_SRD_CC_v5.2.1.pdf,base SRD
shapeshifter,,mutaforma,IT_SRD_CC_v5.2.1.pdf,base SRD
short rest,,riposo breve,IT_SRD_CC_v5.2.1.pdf,base SRD
simple weapon,,arma semplice,IT_SRD_CC_v5.2.1.pdf,base SRD
simultaneous effects,,effetti simultanei,IT_SRD_CC_v5.2.1.pdf,base SRD
size,,taglia,IT_SRD_CC_v5.2.1.pdf,base SRD
skills,,abilità,IT_SRD_CC_v5.2.1.pdf,base SRD
slashing,damage,danni taglienti,IT_SRD_CC_v5.2.1.pdf,base SRD
sleight of hand,,Rapidità di mano,IT_SRD_CC_v5.2.1.pdf,base SRD
small,,Piccola,IT_SRD_CC_v5.2.1.pdf,base SRD
somatic,,Somatica,IT_SRD_CC_v5.2.1.pdf,base SRD
sorcerer,,stregone,IT_SRD_CC_v5.2.1.pdf,base SRD
sorcerer spells,spell list,incantesimi da stregone,IT_SRD_CC_v5.2.1.pdf,base SRD
sorcerous origin,,origine stregonesca,IT_SRD_CC_v5.2.1.pdf,base SRD
space,,spazio,IT_SRD_CC_v5.2.1.pdf,base SRD
speed,,velocità,IT_SRD_CC_v5.2.1.pdf,base SRD
spell,,incantesimo,IT_SRD_CC_v5.2.1.pdf,base SRD
spell descriptions,,descrizioni degli incantesimi,IT_SRD_CC_v5.2.1.pdf,base SRD
spell duel,,duello di incantesimi,Free5e / termine non attestato nel PDF,approvato
spell lists,,liste degli incantesimi,IT_SRD_CC_v5.2.1.pdf,base SRD
spell save DC,,CD del tiro salvezza dell'incantesimo,IT_SRD_CC_v5.2.1.pdf,base SRD
spell scroll,,pergamena degli incantesimi,IT_SRD_CC_v5.2.1.pdf,base SRD
spell trap,,trappola magica,Free5e / termine non attestato nel PDF,approvato
spell ward,,protezione dagli incantesimi,Free5e / termine non attestato nel PDF,approvato
spell-shield,,scudo degli incantesimi,Free5e / termine non attestato nel PDF,approvato
spellbook,,libro degli incantesimi,IT_SRD_CC_v5.2.1.pdf,base SRD
spellcaster,,incantatore,IT_SRD_CC_v5.2.1.pdf,base SRD
spellcaster/spellcasting,,incantatore / lancio degli incantesimi,IT_SRD_CC_v5.2.1.pdf,base SRD
spellcasting,,lancio degli incantesimi,IT_SRD_CC_v5.2.1.pdf,base SRD
spellcraft,noun,arte degli incantesimi,IT_SRD_CC_v5.2.1.pdf,base SRD
spellfire,,fuoco magico,IT_SRD_CC_v5.2.1.pdf,base SRD
sphere,,sfera,IT_SRD_CC_v5.2.1.pdf,base SRD
stable,,stabile,IT_SRD_CC_v5.2.1.pdf,base SRD
staffs,not staves,bastoni,IT_SRD_CC_v5.2.1.pdf,base SRD
stat block,,scheda delle statistiche,IT_SRD_CC_v5.2.1.pdf,base SRD
stealth,skill,Furtività,IT_SRD_CC_v5.2.1.pdf,base SRD
strength,,Forza,IT_SRD_CC_v5.2.1.pdf,base SRD
stunned,condition,stordito,IT_SRD_CC_v5.2.1.pdf,base SRD
subclass,,sottoclasse,IT_SRD_CC_v5.2.1.pdf,base SRD
succeed,a check,superare,IT_SRD_CC_v5.2.1.pdf,base SRD
summon,,evocare,IT_SRD_CC_v5.2.1.pdf,base SRD
surprise,,sorpresa,IT_SRD_CC_v5.2.1.pdf,base SRD
survival,skill,Sopravvivenza,IT_SRD_CC_v5.2.1.pdf,base SRD
swim,,nuotare,IT_SRD_CC_v5.2.1.pdf,base SRD
take,an action,effettuare un'azione,IT_SRD_CC_v5.2.1.pdf,base SRD
take,an attack,effettuare un attacco,IT_SRD_CC_v5.2.1.pdf,base SRD
take,damage,subire danni,IT_SRD_CC_v5.2.1.pdf,base SRD
target,,bersaglio,IT_SRD_CC_v5.2.1.pdf,base SRD
telepathy,,telepatia,IT_SRD_CC_v5.2.1.pdf,base SRD
teleportation,,teletrasporto,IT_SRD_CC_v5.2.1.pdf,base SRD
temporary hit points,,punti ferita temporanei,IT_SRD_CC_v5.2.1.pdf,base SRD
tenet,,principio,IT_SRD_CC_v5.2.1.pdf,base SRD
the environment,,l'ambiente,IT_SRD_CC_v5.2.1.pdf,base SRD
the overseer,,il supervisore,Free5e / termine non attestato nel PDF,approvato
theurge,,teurgo,Free5e / termine non attestato nel PDF,approvato
thief,,ladro,IT_SRD_CC_v5.2.1.pdf,base SRD
thrown,,lancio,IT_SRD_CC_v5.2.1.pdf,base SRD
thunder damage,,danni da tuono,IT_SRD_CC_v5.2.1.pdf,base SRD
tiefling,,tiefling,IT_SRD_CC_v5.2.1.pdf,base SRD
tiny,,Minuscola,IT_SRD_CC_v5.2.1.pdf,base SRD
tools,,strumenti,IT_SRD_CC_v5.2.1.pdf,base SRD
transmutation,,Trasmutazione,IT_SRD_CC_v5.2.1.pdf,base SRD
tremorsense,,senso tellurico,IT_SRD_CC_v5.2.1.pdf,base SRD
truesight,,visione del vero,IT_SRD_CC_v5.2.1.pdf,base SRD
turn,,turno,IT_SRD_CC_v5.2.1.pdf,base SRD
unarmed strike,,colpo senz'armi,IT_SRD_CC_v5.2.1.pdf,base SRD
unconscious,,privo di sensi,IT_SRD_CC_v5.2.1.pdf,base SRD
undead,monster type,non morto,IT_SRD_CC_v5.2.1.pdf,base SRD
unoccupied space,,spazio libero,IT_SRD_CC_v5.2.1.pdf,base SRD
use,a feature to,usare una capacità per,IT_SRD_CC_v5.2.1.pdf,base SRD
use,a feature,usare una capacità,IT_SRD_CC_v5.2.1.pdf,base SRD
use,a spell slot,spendere uno slot incantesimo,IT_SRD_CC_v5.2.1.pdf,base SRD
use,an action to,usare un'azione per,IT_SRD_CC_v5.2.1.pdf,base SRD
use,an action,usare un'azione,IT_SRD_CC_v5.2.1.pdf,base SRD
using ability scores,,usare i punteggi di caratteristica,IT_SRD_CC_v5.2.1.pdf,base SRD
using each ability,,usare ciascuna caratteristica,IT_SRD_CC_v5.2.1.pdf,base SRD
utilize,,utilizzare,IT_SRD_CC_v5.2.1.pdf,base SRD
vanguard,,Vanguard,Free5e / termine non attestato nel PDF,approvato
vanguard spells,spell list,incantesimi da Vanguard,Free5e / termine non attestato nel PDF,approvato
verbal,,Verbale,IT_SRD_CC_v5.2.1.pdf,base SRD
versatile,,versatile,IT_SRD_CC_v5.2.1.pdf,base SRD
vulnerability,,vulnerabilità,IT_SRD_CC_v5.2.1.pdf,base SRD
war magic,,magia di guerra,IT_SRD_CC_v5.2.1.pdf,base SRD
warlock,,warlock,IT_SRD_CC_v5.2.1.pdf,base SRD
warlock spells,spell list,incantesimi da warlock,IT_SRD_CC_v5.2.1.pdf,base SRD
weapon properties,,proprietà delle armi,IT_SRD_CC_v5.2.1.pdf,base SRD
weapons,,armi,IT_SRD_CC_v5.2.1.pdf,base SRD
weaponsmith,,fabbro d'armi,IT_SRD_CC_v5.2.1.pdf,base SRD
wielding,,impugnare,IT_SRD_CC_v5.2.1.pdf,base SRD
wisdom,,Saggezza,IT_SRD_CC_v5.2.1.pdf,base SRD
wizard,,mago,IT_SRD_CC_v5.2.1.pdf,base SRD
wizard spells,spell list,incantesimi da mago,IT_SRD_CC_v5.2.1.pdf,base SRD
wodewose,,Wodewose,Free5e / termine non attestato nel PDF,approvato
wodewose circles,,circoli del Wodewose,Free5e / termine non attestato nel PDF,approvato
wodewose spells,spell list,incantesimi da Wodewose,Free5e / termine non attestato nel PDF,approvato
working together,,collaborare,IT_SRD_CC_v5.2.1.pdf,base SRD
worshiper,,adoratore,IT_SRD_CC_v5.2.1.pdf,base SRD
